id,issue_date,issue_station,is_suspect
0,2022-12-30,44,0
1,2023-12-08,121,0
2,2023-06-24,524,0
3,2023-06-15,762,0
4,2024-05-02,474,0
5,2023-03-26,520,1
6,2022-01-17,197,0
7,2023-11-26,717,0
8,2023-08-19,267,0
9,2022-07-30,998,0
10,2023-04-14,436,0
11,2024-02-18,919,0
12,2022-06-08,298,0
13,2021-11-09,156,0
14,2021-11-10,761,0
15,2023-07-22,587,0
16,2023-11-28,863,0
17,2023-10-27,800,0
18,2022-01-13,902,0
19,2022-09-15,845,0
20,2022-03-03,171,0
21,2024-06-23,514,0
22,2023-02-27,876,0
23,2024-09-16,163,0
24,2024-01-07,756,0
25,2023-04-03,349,0
26,2022-08-02,446,1
27,2022-04-21,857,0
28,2024-08-11,331,0
29,2021-12-18,280,0
30,2024-03-07,152,0
31,2023-06-30,987,0
32,2023-02-14,605,0
33,2023-08-13,996,0
34,2024-09-14,203,0
35,2021-11-12,926,0
36,2024-03-27,410,0
37,2024-04-29,994,0
38,2024-05-04,323,0
39,2023-05-07,275,0
40,2022-08-15,802,0
41,2022-03-02,738,0
42,2022-09-09,840,0
43,2024-10-11,831,0
44,2022-06-15,612,0
45,2024-08-01,438,0
46,2023-06-16,974,0
47,2024-02-13,192,0
48,2023-05-15,571,0
49,2022-04-27,507,0
50,2022-05-12,0,0
51,2022-03-13,703,0
52,2023-08-02,782,0
53,2022-06-30,293,0
54,2022-07-27,0,0
55,2024-06-26,729,0
56,2022-03-09,313,0
57,2023-08-13,2,0
58,2023-03-11,720,0
59,2022-02-15,153,0
60,2022-10-22,969,0
61,2024-05-17,318,0
62,2023-06-18,550,0
63,2022-07-19,559,0
64,2022-07-20,247,0
65,2023-12-05,684,0
66,2022-12-22,79,0
67,2024-03-06,557,0
68,2022-09-23,799,0
69,2021-12-19,853,0
70,2024-09-12,102,0
71,2024-10-13,984,0
72,2022-10-24,792,0
73,2024-08-29,541,1
74,2023-01-29,59,0
75,2021-12-18,949,0
76,2024-08-29,693,0
77,2022-08-11,707,0
78,2022-09-16,856,0
79,2023-01-28,463,0
80,2024-08-14,493,0
81,2022-05-16,351,0
82,2021-12-08,506,0
83,2024-04-20,512,0
84,2023-10-28,618,0
85,2023-09-13,3,0
86,2023-07-12,539,0
87,2024-07-16,273,0
88,2022-05-24,443,0
89,2022-11-22,18,1
90,2022-08-22,81,0
91,2023-10-19,457,0
92,2024-02-26,169,0
93,2023-06-21,84,0
94,2023-11-14,335,0
95,2022-12-29,544,0
96,2022-11-05,4,0
97,2023-06-29,970,0
98,2023-03-07,38,0
99,2023-07-02,131,0
100,2022-10-03,746,0
101,2023-09-30,203,1
102,2024-04-15,73,0
103,2022-11-11,512,0
104,2024-03-10,652,0
105,2022-12-22,434,0
106,2024-02-19,477,0
107,2021-11-14,434,0
108,2024-05-31,698,0
109,2024-04-19,95,0
110,2023-01-07,925,0
111,2024-07-25,776,0
112,2023-09-14,95,0
113,2022-12-18,386,0
114,2022-04-15,930,0
115,2023-11-15,806,0
116,2024-04-01,319,0
117,2022-02-21,677,0
118,2022-09-01,740,0
119,2023-09-09,457,0
120,2023-02-27,456,0
121,2022-11-07,958,0
122,2022-04-28,512,0
123,2023-06-09,455,0
124,2022-11-16,599,0
125,2022-08-12,282,0
126,2024-04-14,661,0
127,2024-10-12,259,0
128,2023-01-13,672,0
129,2024-06-15,36,0
130,2023-02-15,472,0
131,2021-10-31,324,0
132,2024-01-22,951,0
133,2023-09-01,679,0
134,2024-05-25,695,0
135,2024-02-27,621,0
136,2022-08-28,272,0
137,2024-06-17,582,0
138,2024-06-07,653,0
139,2024-06-20,379,0
140,2022-04-16,722,0
141,2023-10-26,495,1
142,2022-03-27,501,0
143,2024-04-17,184,0
144,2024-03-31,924,0
145,2022-05-30,159,0
146,2023-06-12,340,0
147,2023-08-18,181,0
148,2022-12-23,824,0
149,2022-08-02,881,0
150,2023-10-16,236,0
151,2022-04-19,993,0
152,2024-03-24,848,0
153,2023-09-29,262,0
154,2024-07-01,627,0
155,2023-10-29,718,0
156,2024-06-14,517,0
157,2024-04-25,741,0
158,2024-04-13,789,0
159,2022-09-11,954,0
160,2024-09-14,690,0
161,2023-12-13,947,0
162,2022-03-31,110,0
163,2022-01-16,167,0
164,2022-12-23,351,0
165,2022-05-15,903,0
166,2024-06-23,513,0
167,2024-07-26,816,0
168,2022-12-02,912,0
169,2024-05-17,238,0
170,2023-01-07,396,0
171,2023-02-01,526,0
172,2022-02-22,346,0
173,2023-05-05,378,0
174,2022-12-31,722,0
175,2021-12-10,113,0
176,2024-10-21,176,0
177,2024-07-17,777,0
178,2023-08-20,383,0
179,2022-03-13,284,0
180,2021-12-18,829,0
181,2024-04-10,620,0
182,2024-05-11,443,0
183,2022-08-01,143,1
184,2024-07-07,630,0
185,2023-03-02,914,0
186,2024-10-05,477,0
187,2023-05-23,485,0
188,2022-12-16,908,0
189,2022-06-27,806,0
190,2022-09-26,624,0
191,2023-11-17,56,0
192,2024-09-13,274,0
193,2023-10-23,473,0
194,2024-03-19,512,0
195,2023-09-03,92,0
196,2024-04-15,520,0
197,2022-07-25,237,0
198,2024-09-03,659,0
199,2022-10-04,325,0
200,2022-11-13,247,1
201,2024-05-20,891,0
202,2023-12-25,180,0
203,2022-09-14,35,0
204,2022-02-27,432,0
205,2021-10-28,235,0
206,2023-10-27,881,0
207,2023-09-19,166,0
208,2024-01-01,179,0
209,2022-10-28,933,0
210,2022-02-28,147,0
211,2021-11-09,897,0
212,2022-08-31,730,0
213,2024-02-05,342,0
214,2021-11-01,303,0
215,2024-03-02,271,0
216,2023-06-23,964,0
217,2022-12-24,700,0
218,2023-10-09,286,0
219,2024-03-27,897,0
220,2023-06-13,411,0
221,2024-05-25,339,0
222,2023-07-06,864,0
223,2024-03-03,27,0
224,2022-07-11,201,0
225,2023-07-22,746,0
226,2021-12-23,660,0
227,2022-02-27,479,1
228,2023-05-25,699,0
229,2022-03-21,453,0
230,2022-08-04,607,0
231,2022-10-24,60,0
232,2024-03-22,281,0
233,2023-11-26,393,0
234,2021-12-17,288,0
235,2024-06-08,149,0
236,2022-11-08,309,0
237,2022-03-03,977,0
238,2021-10-24,607,0
239,2024-05-19,347,0
240,2023-04-10,449,0
241,2023-01-04,301,0
242,2022-06-15,650,0
243,2021-11-26,739,0
244,2022-08-27,268,0
245,2021-12-17,731,0
246,2024-08-07,826,0
247,2023-04-09,507,0
248,2022-05-02,312,0
249,2022-02-21,460,0
250,2024-04-04,309,0
251,2024-03-12,727,0
252,2023-07-05,874,0
253,2022-04-01,931,0
254,2022-01-14,509,1
255,2023-02-04,275,0
256,2024-08-11,759,0
257,2023-04-18,398,0
258,2021-12-11,87,0
259,2022-08-04,39,0
260,2022-04-27,874,0
261,2023-08-26,33,0
262,2024-08-03,693,0
263,2022-01-24,238,0
264,2024-03-19,745,0
265,2023-09-30,544,0
266,2024-09-03,564,0
267,2024-02-28,952,0
268,2024-10-08,964,0
269,2022-09-13,669,0
270,2023-03-01,696,0
271,2023-10-20,330,0
272,2024-02-29,195,0
273,2022-04-14,955,0
274,2024-03-14,747,0
275,2024-04-04,814,0
276,2023-07-10,951,0
277,2022-01-15,671,0
278,2022-02-02,794,0
279,2022-01-04,484,0
280,2024-07-29,80,0
281,2022-07-10,714,0
282,2023-10-26,512,0
283,2023-10-31,822,0
284,2022-05-12,918,0
285,2023-12-21,516,0
286,2024-05-18,337,0
287,2022-12-06,305,0
288,2024-06-11,468,0
289,2022-12-20,481,0
290,2022-08-24,855,0
291,2022-08-04,191,0
292,2022-11-19,862,0
293,2022-04-14,996,0
294,2023-11-17,629,0
295,2024-02-10,950,0
296,2023-07-29,395,0
297,2023-06-19,17,0
298,2024-04-03,96,0
299,2023-03-28,377,0
300,2022-01-14,739,0
301,2022-02-22,428,0
302,2023-10-12,888,0
303,2023-09-12,506,0
304,2024-03-21,770,0
305,2023-05-07,666,0
306,2024-08-20,936,0
307,2022-03-20,369,0
308,2023-01-08,243,0
309,2023-11-30,294,0
310,2023-05-27,292,0
311,2022-10-12,746,0
312,2023-09-24,471,0
313,2023-10-15,687,0
314,2022-06-26,692,0
315,2023-07-01,326,0
316,2024-04-04,516,0
317,2023-11-05,644,0
318,2022-09-30,162,0
319,2022-07-15,239,0
320,2021-12-24,495,0
321,2022-07-01,942,0
322,2023-08-13,96,0
323,2023-12-19,552,0
324,2024-09-24,335,0
325,2024-09-24,790,0
326,2023-09-14,191,1
327,2024-05-21,920,0
328,2022-06-15,86,0
329,2024-03-24,831,0
330,2022-06-20,617,0
331,2022-11-04,582,0
332,2022-09-26,389,0
333,2022-12-27,902,0
334,2022-01-14,131,0
335,2022-11-28,138,0
336,2024-05-12,44,0
337,2022-05-05,872,0
338,2023-07-11,742,0
339,2021-12-13,867,0
340,2022-01-25,527,0
341,2024-03-20,675,0
342,2023-03-20,387,0
343,2024-09-13,360,0
344,2024-03-01,42,0
345,2024-03-11,482,0
346,2023-08-16,19,0
347,2023-12-03,922,0
348,2022-03-16,512,1
349,2023-07-03,969,0
350,2022-12-01,543,0
351,2022-10-25,331,0
352,2024-09-14,73,0
353,2022-12-26,466,0
354,2022-04-08,467,0
355,2023-11-06,726,0
356,2023-09-12,406,0
357,2023-01-08,698,0
358,2024-04-06,923,0
359,2022-02-14,768,0
360,2023-03-10,512,0
361,2024-03-08,466,0
362,2021-11-13,41,0
363,2024-02-19,152,0
364,2022-04-14,323,0
365,2022-06-13,642,0
366,2023-12-16,886,0
367,2023-12-30,523,0
368,2022-01-24,866,0
369,2024-01-08,997,0
370,2024-07-14,686,0
371,2022-08-07,962,0
372,2022-07-06,640,0
373,2023-12-24,898,1
374,2022-01-29,58,0
375,2023-04-26,683,0
376,2023-04-29,262,0
377,2024-02-05,851,0
378,2023-11-08,363,0
379,2023-05-26,181,0
380,2024-06-21,651,0
381,2022-07-21,570,0
382,2022-09-26,761,0
383,2022-12-17,811,0
384,2022-01-22,210,0
385,2021-12-26,547,0
386,2024-06-14,90,0
387,2024-05-20,353,0
388,2024-08-08,821,0
389,2022-09-03,347,0
390,2024-08-03,283,0
391,2023-04-07,696,0
392,2022-04-22,715,0
393,2023-11-15,10,0
394,2022-07-29,141,0
395,2024-10-03,395,0
396,2023-01-31,328,0
397,2022-10-31,991,0
398,2021-10-31,666,0
399,2024-01-14,512,0
400,2022-08-13,665,0
401,2023-04-30,42,0
402,2024-03-18,225,0
403,2023-07-17,512,1
404,2022-04-05,369,0
405,2022-05-01,713,0
406,2022-12-12,924,0
407,2022-12-27,886,0
408,2024-08-31,78,0
409,2023-01-23,94,0
410,2024-08-29,137,0
411,2024-06-13,804,0
412,2022-04-02,599,0
413,2024-08-31,146,0
414,2023-10-28,932,0
415,2022-01-11,270,0
416,2023-08-29,585,0
417,2024-04-14,701,0
418,2021-12-14,491,0
419,2021-12-02,360,0
420,2024-08-05,350,0
421,2023-01-01,31,0
422,2024-04-22,684,0
423,2023-06-24,779,0
424,2022-01-11,935,0
425,2024-01-25,396,0
426,2024-02-11,681,0
427,2023-07-26,604,0
428,2022-06-10,803,0
429,2024-10-16,570,0
430,2021-10-28,642,0
431,2022-09-03,35,0
432,2024-01-06,195,0
433,2022-09-14,758,0
434,2023-06-08,415,0
435,2023-11-07,769,0
436,2024-06-21,799,0
437,2022-09-26,627,0
438,2023-02-27,749,0
439,2024-04-11,951,0
440,2022-04-15,686,0
441,2021-11-23,908,0
442,2022-04-12,111,0
443,2022-08-17,595,0
444,2023-10-03,700,0
445,2024-04-10,191,0
446,2022-10-01,640,0
447,2024-07-31,642,0
448,2024-03-13,512,1
449,2024-08-24,385,0
450,2023-01-03,916,0
451,2022-01-13,543,0
452,2022-10-16,971,0
453,2022-04-28,998,0
454,2023-08-09,605,0
455,2022-10-17,864,0
456,2022-04-15,2,0
457,2024-02-06,393,0
458,2022-10-14,394,0
459,2023-08-27,680,0
460,2022-09-07,288,1
461,2021-11-22,92,0
462,2021-12-05,637,0
463,2023-07-02,382,0
464,2024-09-01,811,0
465,2024-04-05,106,0
466,2023-05-22,920,0
467,2022-02-24,452,0
468,2023-03-05,72,0
469,2024-09-02,618,0
470,2022-05-11,359,0
471,2023-11-14,677,0
472,2023-02-11,398,0
473,2024-06-28,536,0
474,2023-01-05,842,0
475,2024-02-20,245,0
476,2022-06-19,223,0
477,2021-12-15,947,0
478,2022-06-13,80,0
479,2022-01-16,58,0
480,2024-04-22,471,0
481,2023-05-08,884,0
482,2024-06-02,535,0
483,2023-02-21,261,0
484,2023-10-22,310,0
485,2024-10-19,989,0
486,2022-09-14,452,0
487,2024-05-01,517,0
488,2023-04-14,75,0
489,2023-04-17,574,0
490,2023-03-07,370,0
491,2022-04-24,864,0
492,2024-03-06,209,0
493,2022-11-06,458,0
494,2023-12-16,293,1
495,2022-04-11,114,0
496,2023-07-08,603,0
497,2022-04-21,790,0
498,2022-06-04,907,0
499,2022-05-21,543,0
500,2024-02-02,782,0
501,2023-11-30,677,0
502,2023-03-05,19,0
503,2023-01-21,83,0
504,2022-04-16,461,0
505,2024-06-28,298,0
506,2022-11-09,854,0
507,2022-08-06,754,0
508,2022-02-27,543,0
509,2024-03-23,77,0
510,2022-01-29,98,0
511,2024-03-17,65,0
512,2023-09-13,10,0
513,2023-03-17,635,0
514,2023-02-08,218,0
515,2022-05-25,701,0
516,2022-04-09,119,0
517,2021-11-09,961,0
518,2023-10-10,311,0
519,2022-09-01,429,0
520,2023-09-04,904,0
521,2023-03-30,904,0
522,2023-09-24,754,0
523,2022-06-30,535,0
524,2021-11-06,592,0
525,2023-05-18,253,0
526,2024-05-27,688,0
527,2022-04-03,824,0
528,2023-02-07,948,0
529,2024-02-17,716,0
530,2023-02-26,328,0
531,2024-09-07,815,0
532,2024-05-02,303,0
533,2024-09-12,596,0
534,2024-05-02,0,0
535,2024-06-02,802,0
536,2024-01-19,603,0
537,2024-05-25,923,0
538,2022-01-03,259,1
539,2024-05-05,22,0
540,2022-08-27,679,0
541,2022-03-14,802,0
542,2023-12-15,442,0
543,2023-08-05,866,0
544,2023-11-07,937,0
545,2022-06-15,745,0
546,2022-10-06,882,0
547,2024-09-01,88,0
548,2023-06-08,199,0
549,2022-03-05,427,0
550,2024-04-11,838,0
551,2023-09-18,278,0
552,2022-05-29,840,0
553,2022-04-21,451,0
554,2022-10-18,933,0
555,2024-03-03,153,0
556,2023-07-10,690,0
557,2023-03-11,358,0
558,2022-06-09,820,0
559,2022-09-19,208,0
560,2021-10-25,160,0
561,2024-08-23,489,0
562,2022-09-02,17,0
563,2023-08-21,902,0
564,2022-06-15,391,0
565,2023-11-16,284,0
566,2024-09-11,367,0
567,2023-09-12,350,0
568,2024-03-13,958,0
569,2023-06-10,670,0
570,2024-01-09,65,0
571,2023-10-27,290,0
572,2021-11-30,330,0
573,2024-10-18,671,0
574,2022-02-12,593,0
575,2023-09-01,665,0
576,2022-04-06,898,0
577,2024-10-04,21,0
578,2022-12-21,898,0
579,2023-12-07,659,0
580,2023-11-05,984,0
581,2024-04-10,422,0
582,2023-03-23,412,0
583,2024-01-03,152,0
584,2023-11-26,444,0
585,2024-01-08,172,0
586,2022-10-18,767,0
587,2023-03-11,9,0
588,2021-10-28,369,0
589,2023-10-10,447,0
590,2023-02-09,23,0
591,2023-06-17,670,0
592,2022-01-25,591,0
593,2024-03-19,612,0
594,2022-10-19,735,1
595,2022-01-03,519,0
596,2024-01-11,355,0
597,2022-09-17,1,0
598,2022-02-21,155,0
599,2024-02-04,25,0
600,2023-08-01,360,0
601,2024-08-31,946,0
602,2022-07-28,438,0
603,2023-10-29,998,0
604,2023-08-20,374,0
605,2024-07-11,183,0
606,2021-12-22,39,0
607,2023-10-23,917,0
608,2022-08-04,124,0
609,2022-12-09,302,0
610,2022-08-28,675,0
611,2024-06-21,477,0
612,2024-07-18,307,0
613,2022-04-09,425,0
614,2022-01-06,607,0
615,2024-03-17,98,0
616,2024-10-04,895,0
617,2023-08-11,591,0
618,2023-07-18,913,0
619,2024-07-10,71,0
620,2024-03-27,759,0
621,2022-02-06,745,0
622,2024-06-25,489,0
623,2024-08-10,490,0
624,2022-12-31,836,0
625,2024-10-06,933,0
626,2022-02-15,581,0
627,2022-01-23,2,0
628,2024-03-13,188,0
629,2022-06-18,917,0
630,2023-04-16,96,0
631,2022-04-03,719,0
632,2021-11-20,442,0
633,2022-05-28,114,0
634,2024-03-16,943,0
635,2021-12-26,277,0
636,2022-06-18,403,0
637,2024-09-23,444,0
638,2023-12-15,594,0
639,2022-01-23,315,0
640,2024-08-30,929,0
641,2023-10-17,496,0
642,2023-01-15,476,0
643,2022-09-08,625,0
644,2024-02-07,820,0
645,2022-04-11,438,0
646,2024-09-19,178,0
647,2024-02-11,745,0
648,2022-11-04,719,0
649,2021-12-11,840,0
650,2023-03-27,46,0
651,2022-06-13,672,0
652,2023-12-15,571,1
653,2024-09-09,385,0
654,2022-07-16,1000,0
655,2024-08-10,316,0
656,2022-08-29,482,0
657,2023-03-04,254,0
658,2024-01-13,315,0
659,2024-01-08,191,0
660,2021-12-07,212,0
661,2022-09-20,114,0
662,2024-07-04,7,0
663,2023-07-02,893,0
664,2023-06-28,975,0
665,2024-04-07,436,0
666,2024-08-17,102,0
667,2023-05-29,34,0
668,2023-01-19,769,0
669,2022-08-07,347,0
670,2024-03-22,505,0
671,2024-07-21,994,0
672,2023-01-02,512,0
673,2022-10-11,947,0
674,2024-05-18,180,0
675,2022-06-06,264,0
676,2022-12-24,834,0
677,2023-01-15,142,0
678,2021-12-19,787,0
679,2023-11-17,779,0
680,2023-05-08,397,0
681,2024-06-05,167,0
682,2023-04-17,165,0
683,2024-01-14,324,0
684,2022-10-29,601,0
685,2023-02-23,101,0
686,2024-01-10,384,0
687,2024-09-01,383,0
688,2022-02-13,688,0
689,2024-07-05,50,0
690,2023-09-06,987,0
691,2024-01-27,958,0
692,2023-09-16,244,0
693,2024-09-29,184,0
694,2021-11-05,589,0
695,2023-12-26,597,0
696,2024-09-16,880,0
697,2023-02-21,481,0
698,2024-10-19,684,0
699,2023-01-08,763,0
700,2023-06-19,839,0
701,2024-02-17,549,0
702,2023-12-17,978,0
703,2023-04-05,266,0
704,2022-11-23,319,0
705,2022-12-31,763,0
706,2022-09-23,396,0
707,2023-01-07,994,0
708,2022-05-27,842,0
709,2021-10-26,76,0
710,2022-05-12,455,0
711,2023-05-12,745,0
712,2023-07-22,635,0
713,2023-08-13,465,0
714,2023-03-30,248,0
715,2024-03-10,210,0
716,2022-11-27,117,0
717,2024-09-13,512,1
718,2024-08-11,399,0
719,2022-06-09,183,0
720,2022-09-21,187,0
721,2023-03-30,90,0
722,2022-12-02,732,0
723,2024-03-05,776,0
724,2024-06-06,786,0
725,2023-05-25,129,0
726,2022-08-14,755,0
727,2022-02-17,207,0
728,2022-07-27,940,0
729,2024-02-05,21,0
730,2024-04-16,917,0
731,2023-06-19,790,0
732,2021-12-29,115,0
733,2024-08-31,715,0
734,2022-09-11,78,0
735,2024-07-26,425,0
736,2021-10-28,230,0
737,2024-06-07,919,0
738,2023-01-30,789,0
739,2023-08-06,489,0
740,2021-12-23,288,0
741,2022-04-22,112,0
742,2022-09-05,314,0
743,2023-03-15,308,0
744,2024-06-10,221,0
745,2022-12-29,768,0
746,2024-06-09,35,0
747,2021-12-15,218,0
748,2021-10-26,697,0
749,2023-12-27,149,0
750,2024-07-12,980,0
751,2023-12-26,698,0
752,2022-03-10,706,0
753,2024-02-04,398,0
754,2023-07-02,530,0
755,2022-03-19,400,0
756,2022-10-19,93,0
757,2024-03-04,712,0
758,2022-12-11,419,0
759,2024-02-15,731,0
760,2022-05-21,518,0
761,2021-12-10,788,0
762,2024-04-27,493,1
763,2022-09-27,365,0
764,2022-03-03,130,0
765,2023-07-14,193,0
766,2024-07-30,529,0
767,2022-02-13,123,0
768,2023-01-05,452,0
769,2023-03-28,693,0
770,2023-12-01,129,0
771,2022-04-19,427,0
772,2022-09-15,661,0
773,2022-09-30,929,0
774,2021-12-12,566,0
775,2022-08-31,424,0
776,2022-10-11,361,0
777,2023-01-17,580,0
778,2023-03-21,544,0
779,2023-05-31,757,0
780,2022-08-12,422,0
781,2023-12-27,680,0
782,2024-05-14,266,0
783,2022-05-30,99,0
784,2023-04-14,574,0
785,2022-10-04,650,0
786,2024-07-31,554,0
787,2022-12-21,504,0
788,2024-03-23,786,0
789,2023-05-29,809,0
790,2023-03-13,126,0
791,2023-05-23,960,0
792,2023-02-01,250,0
793,2022-07-06,205,0
794,2024-08-03,176,0
795,2022-12-08,512,0
796,2022-11-07,201,0
797,2022-01-24,6,0
798,2022-06-09,993,0
799,2023-04-29,117,0
800,2022-11-04,504,0
801,2024-08-19,515,0
802,2024-01-05,709,0
803,2024-08-19,734,0
804,2024-08-08,475,0
805,2022-01-05,50,0
806,2022-01-26,752,0
807,2022-07-27,493,1
808,2024-10-17,512,1
809,2023-05-31,973,1
810,2022-07-23,668,0
811,2024-08-30,319,0
812,2023-11-23,220,0
813,2022-12-05,234,0
814,2024-02-27,234,0
815,2023-03-15,867,0
816,2024-05-01,103,0
817,2023-07-12,410,0
818,2023-02-19,662,0
819,2022-01-10,98,0
820,2023-04-13,365,0
821,2024-07-22,498,0
822,2022-07-13,990,0
823,2024-10-21,212,0
824,2023-09-26,855,0
825,2021-12-08,778,0
826,2023-06-17,385,0
827,2024-02-13,528,0
828,2023-07-04,197,0
829,2024-09-11,747,0
830,2022-03-30,568,0
831,2023-12-02,411,0
832,2022-01-28,564,0
833,2022-10-09,931,0
834,2022-07-20,362,0
835,2021-11-06,187,0
836,2023-06-27,582,0
837,2022-10-23,888,0
838,2022-03-04,845,0
839,2023-07-28,169,0
840,2022-10-09,113,0
841,2022-08-13,740,0
842,2022-03-09,870,0
843,2024-02-26,91,0
844,2024-01-10,711,0
845,2024-02-13,343,0
846,2024-05-03,398,0
847,2022-04-29,479,0
848,2022-05-26,895,0
849,2023-03-28,186,0
850,2023-10-23,171,0
851,2023-12-15,508,0
852,2024-07-30,349,0
853,2024-07-14,128,0
854,2022-06-24,274,0
855,2024-02-13,22,0
856,2023-06-22,879,0
857,2024-10-13,256,0
858,2021-11-25,543,0
859,2023-09-18,428,0
860,2022-04-11,808,0
861,2023-02-14,343,0
862,2022-07-29,512,1
863,2024-03-19,982,0
864,2023-10-11,304,0
865,2024-09-01,410,0
866,2023-07-10,980,0
867,2024-06-26,11,0
868,2023-01-08,148,0
869,2024-01-09,289,0
870,2022-04-28,112,0
871,2024-09-17,115,0
872,2023-05-27,67,0
873,2024-02-29,889,0
874,2023-12-06,835,0
875,2023-11-17,753,0
876,2023-09-13,277,0
877,2024-03-14,74,0
878,2021-11-09,726,0
879,2022-11-27,983,0
880,2024-05-13,349,0
881,2023-06-23,983,1
882,2022-12-25,110,0
883,2024-04-01,920,0
884,2024-03-08,969,0
885,2024-08-19,609,0
886,2024-04-11,876,0
887,2024-08-03,64,0
888,2024-07-31,738,0
889,2024-03-13,136,0
890,2024-03-04,573,0
891,2023-06-01,706,0
892,2022-12-13,162,0
893,2024-10-07,376,0
894,2024-03-15,767,0
895,2021-10-29,130,0
896,2022-06-03,498,0
897,2023-12-29,480,0
898,2022-08-29,542,0
899,2022-04-15,255,0
900,2024-09-29,983,0
901,2023-05-08,406,0
902,2022-11-19,411,0
903,2022-08-16,566,0
904,2022-10-10,977,0
905,2022-07-18,953,0
906,2022-08-04,191,0
907,2022-12-28,893,0
908,2024-09-17,57,0
909,2023-03-03,451,0
910,2022-09-22,736,0
911,2023-07-12,900,0
912,2022-06-25,660,0
913,2021-11-24,429,0
914,2023-08-13,575,0
915,2024-02-13,304,0
916,2022-09-10,590,0
917,2021-12-02,975,0
918,2024-10-19,993,0
919,2024-07-15,512,0
920,2022-11-14,454,0
921,2021-11-27,1000,0
922,2023-10-20,556,0
923,2023-01-07,460,0
924,2024-03-07,978,0
925,2022-11-17,87,0
926,2023-05-06,270,0
927,2023-08-11,451,0
928,2024-02-22,512,0
929,2022-04-18,950,0
930,2022-09-02,44,0
931,2022-05-23,279,0
932,2024-05-21,690,0
933,2022-03-18,509,0
934,2024-02-16,348,0
935,2023-10-05,311,0
936,2022-01-26,310,0
937,2024-02-27,763,0
938,2024-05-29,816,0
939,2024-01-12,961,0
940,2023-04-28,72,0
941,2022-12-21,445,0
942,2024-05-08,934,0
943,2022-05-14,347,0
944,2022-12-01,811,0
945,2023-04-30,267,1
946,2022-06-01,541,0
947,2022-08-05,185,0
948,2022-07-01,610,0
949,2023-10-14,124,0
950,2023-09-24,654,0
951,2022-11-07,952,0
952,2022-06-09,905,0
953,2022-04-26,472,0
954,2024-01-17,324,0
955,2022-03-02,175,0
956,2023-10-25,387,0
957,2023-01-24,24,0
958,2023-12-05,145,0
959,2021-11-07,616,0
960,2023-05-12,764,0
961,2023-02-18,364,0
962,2024-04-13,996,0
963,2023-01-09,484,0
964,2024-06-14,564,0
965,2024-01-20,957,0
966,2022-12-02,196,0
967,2024-05-23,310,0
968,2023-10-21,644,0
969,2024-07-15,715,0
970,2023-12-04,364,0
971,2022-12-23,15,0
972,2023-04-17,157,0
973,2022-05-20,126,0
974,2021-12-18,153,0
975,2022-06-28,25,0
976,2022-07-19,232,0
977,2022-01-30,917,0
978,2022-03-28,664,0
979,2023-02-08,705,0
980,2022-07-16,37,0
981,2024-04-10,840,0
982,2023-04-07,498,0
983,2024-02-05,241,0
984,2024-06-10,694,0
985,2024-04-12,407,0
986,2023-04-30,711,0
987,2022-08-15,365,0
988,2021-12-02,831,0
989,2023-02-25,616,0
990,2023-03-28,112,1
991,2022-05-29,691,0
992,2024-02-04,489,0
993,2023-02-17,928,0
994,2023-11-26,821,0
995,2024-05-20,870,0
996,2024-08-20,375,0
997,2022-09-04,876,0
998,2023-10-12,870,0
999,2023-11-12,236,0
1000,2024-08-04,539,0
1001,2023-04-10,10,0
1002,2022-11-07,638,0
1003,2023-11-20,608,0
1004,2022-05-06,134,0
1005,2024-02-24,705,0
1006,2022-06-15,515,0
1007,2022-06-27,903,0
1008,2024-10-15,783,0
1009,2023-06-07,846,0
1010,2022-01-13,6,0
1011,2022-06-05,480,0
1012,2022-02-27,72,0
1013,2022-09-21,916,0
1014,2023-03-09,65,0
1015,2023-04-26,243,0
1016,2023-06-08,426,0
1017,2024-10-01,600,0
1018,2024-06-18,39,1
1019,2024-04-21,153,0
1020,2023-01-02,878,1
1021,2024-02-19,854,0
1022,2024-07-07,50,0
1023,2023-06-07,991,0
1024,2023-12-30,509,0
1025,2023-03-08,722,0
1026,2022-08-17,527,0
1027,2023-11-24,766,0
1028,2022-09-23,512,1
1029,2023-12-08,984,0
1030,2022-09-28,513,0
1031,2021-11-12,211,0
1032,2024-09-28,861,0
1033,2024-06-23,583,0
1034,2024-03-06,442,0
1035,2021-12-17,929,0
1036,2023-06-11,403,0
1037,2022-09-08,331,0
1038,2022-09-11,886,0
1039,2022-03-01,13,0
1040,2023-07-15,659,0
1041,2023-06-21,446,0
1042,2024-09-28,449,0
1043,2024-08-05,116,1
1044,2023-03-03,405,0
1045,2023-07-20,347,0
1046,2023-09-10,397,0
1047,2024-07-11,627,0
1048,2021-11-10,371,0
1049,2024-06-27,163,0
1050,2022-02-05,26,0
1051,2022-04-22,763,0
1052,2024-03-08,932,0
1053,2023-10-22,954,0
1054,2023-12-17,13,0
1055,2022-04-13,882,0
1056,2024-07-30,993,0
1057,2022-12-31,40,0
1058,2024-03-16,572,0
1059,2022-08-30,394,0
1060,2022-05-06,83,0
1061,2024-07-21,778,0
1062,2023-10-26,592,0
1063,2023-05-08,646,0
1064,2023-06-15,175,0
1065,2022-07-02,584,0
1066,2024-03-19,344,0
1067,2022-11-21,504,0
1068,2024-09-21,926,0
1069,2022-11-15,383,0
1070,2023-09-06,297,1
1071,2024-10-08,746,0
1072,2023-06-17,613,0
1073,2024-05-28,19,0
1074,2021-12-04,2,0
1075,2022-02-09,462,0
1076,2024-07-25,197,0
1077,2022-08-06,870,0
1078,2022-09-07,72,0
1079,2023-12-01,307,0
1080,2022-01-22,782,0
1081,2022-01-23,385,0
1082,2023-09-21,368,0
1083,2022-12-26,727,0
1084,2024-10-05,668,0
1085,2023-11-03,362,0
1086,2022-02-17,217,0
1087,2024-05-26,618,0
1088,2021-11-22,773,0
1089,2024-07-05,841,0
1090,2024-01-20,917,0
1091,2022-09-08,414,0
1092,2024-05-10,729,0
1093,2022-06-15,567,0
1094,2023-05-10,182,0
1095,2023-03-07,291,0
1096,2024-09-09,335,0
1097,2024-01-20,511,0
1098,2023-10-31,122,0
1099,2022-12-30,765,0
1100,2024-03-20,441,0
1101,2024-02-09,204,0
1102,2021-12-09,583,0
1103,2021-12-05,591,0
1104,2022-09-25,438,0
1105,2024-08-20,844,0
1106,2023-09-17,899,0
1107,2022-10-17,558,0
1108,2023-05-13,293,0
1109,2022-08-31,360,0
1110,2023-08-25,640,0
1111,2022-04-12,566,0
1112,2024-04-13,835,0
1113,2022-06-03,934,0
1114,2023-05-17,682,0
1115,2023-07-28,362,0
1116,2023-03-27,907,0
1117,2023-08-21,456,0
1118,2022-07-23,727,0
1119,2024-01-15,626,0
1120,2022-08-19,801,0
1121,2022-11-20,490,0
1122,2023-08-24,255,0
1123,2022-08-15,882,0
1124,2023-11-14,36,0
1125,2024-09-16,75,0
1126,2022-08-04,641,0
1127,2022-01-17,58,0
1128,2024-03-09,18,0
1129,2022-03-11,866,0
1130,2022-04-05,844,0
1131,2023-04-08,515,0
1132,2022-06-24,768,0
1133,2021-12-03,799,0
1134,2021-12-05,31,0
1135,2024-05-17,643,0
1136,2022-09-23,253,0
1137,2023-03-20,469,0
1138,2021-11-05,57,0
1139,2024-02-06,448,0
1140,2022-05-02,648,0
1141,2024-02-10,709,0
1142,2024-02-07,360,0
1143,2022-06-01,338,0
1144,2023-05-01,359,0
1145,2024-06-06,296,0
1146,2021-11-30,244,0
1147,2023-04-04,127,0
1148,2021-11-21,149,0
1149,2022-03-27,893,0
1150,2023-05-23,64,0
1151,2022-12-06,120,0
1152,2021-12-10,46,0
1153,2022-07-16,384,0
1154,2022-01-27,930,0
1155,2022-12-29,256,0
1156,2024-06-25,793,0
1157,2022-02-03,538,0
1158,2023-03-22,120,0
1159,2022-08-27,845,0
1160,2023-09-26,803,0
1161,2024-03-02,846,0
1162,2023-07-20,884,0
1163,2024-02-13,60,0
1164,2022-12-24,78,0
1165,2022-03-17,650,0
1166,2024-10-06,516,0
1167,2023-11-14,502,0
1168,2022-05-02,845,0
1169,2022-02-08,83,0
1170,2023-06-11,325,0
1171,2023-04-17,671,0
1172,2022-12-23,251,0
1173,2023-11-08,243,0
1174,2021-10-25,210,0
1175,2022-10-31,557,0
1176,2022-12-05,959,0
1177,2024-05-06,53,0
1178,2022-01-17,58,0
1179,2021-12-05,761,0
1180,2023-06-08,229,0
1181,2023-10-20,599,0
1182,2023-06-05,686,0
1183,2024-10-13,676,0
1184,2024-01-12,721,0
1185,2021-11-11,425,0
1186,2023-04-01,81,0
1187,2022-12-18,962,0
1188,2024-10-07,672,0
1189,2023-11-13,390,0
1190,2024-08-10,22,0
1191,2023-06-25,911,0
1192,2021-12-27,953,0
1193,2023-03-18,736,0
1194,2022-06-03,153,0
1195,2022-11-05,312,0
1196,2021-12-10,815,0
1197,2024-05-18,447,0
1198,2022-11-20,213,0
1199,2023-01-28,387,0
1200,2022-03-21,653,0
1201,2023-01-08,614,0
1202,2024-03-17,524,0
1203,2023-11-14,729,0
1204,2022-07-04,603,0
1205,2024-06-08,603,0
1206,2024-06-22,150,0
1207,2023-01-31,47,0
1208,2022-01-21,29,0
1209,2022-03-21,554,0
1210,2024-03-26,913,0
1211,2024-06-08,9,0
1212,2023-08-09,71,0
1213,2022-10-03,561,0
1214,2023-12-26,319,0
1215,2021-12-15,801,0
1216,2024-09-10,654,0
1217,2022-05-09,920,0
1218,2022-11-19,176,0
1219,2023-08-22,536,0
1220,2023-02-21,387,0
1221,2022-10-17,396,0
1222,2021-12-16,9,0
1223,2022-05-12,885,0
1224,2023-11-24,591,0
1225,2024-03-21,30,0
1226,2022-10-03,102,0
1227,2022-02-16,99,0
1228,2023-05-13,701,0
1229,2021-11-16,591,0
1230,2023-05-17,798,0
1231,2022-11-03,189,0
1232,2023-04-16,602,0
1233,2022-10-25,673,0
1234,2023-02-28,139,0
1235,2024-08-02,525,0
1236,2024-10-14,83,0
1237,2024-08-28,219,0
1238,2022-06-24,971,0
1239,2023-06-06,298,0
1240,2024-04-15,869,0
1241,2024-04-16,38,0
1242,2023-01-29,250,0
1243,2023-05-15,164,0
1244,2022-08-09,798,0
1245,2024-01-28,16,0
1246,2022-01-25,833,0
1247,2023-10-31,184,0
1248,2021-11-05,626,0
1249,2024-09-28,818,0
1250,2023-10-24,291,0
1251,2022-09-15,484,0
1252,2023-08-27,187,0
1253,2022-09-09,658,0
1254,2024-03-17,77,0
1255,2023-12-05,434,0
1256,2022-10-07,322,0
1257,2022-07-02,848,0
1258,2022-04-24,519,0
1259,2022-02-11,603,0
1260,2024-03-12,793,0
1261,2024-09-24,611,0
1262,2024-06-06,158,0
1263,2022-07-28,516,0
1264,2023-08-11,630,0
1265,2024-10-20,408,0
1266,2022-10-10,675,0
1267,2023-09-30,229,0
1268,2024-07-31,442,0
1269,2024-04-15,371,0
1270,2022-08-20,549,0
1271,2022-04-03,679,0
1272,2024-07-19,493,0
1273,2023-02-19,680,0
1274,2021-11-14,490,0
1275,2023-10-19,497,0
1276,2023-01-17,726,0
1277,2022-01-26,392,0
1278,2023-02-05,100,0
1279,2023-07-26,260,0
1280,2023-04-16,824,0
1281,2022-12-01,790,0
1282,2022-05-12,303,0
1283,2022-07-04,89,0
1284,2023-08-04,551,0
1285,2024-10-23,693,0
1286,2023-09-07,424,0
1287,2022-05-18,665,0
1288,2024-03-11,389,0
1289,2023-10-02,902,0
1290,2023-02-06,985,0
1291,2022-06-04,251,0
1292,2024-10-01,639,0
1293,2022-06-12,596,0
1294,2022-10-29,875,0
1295,2024-10-16,247,0
1296,2022-10-17,608,0
1297,2022-06-22,36,0
1298,2021-10-23,479,0
1299,2023-06-18,54,0
1300,2021-12-23,653,0
1301,2024-03-17,248,0
1302,2023-02-20,893,0
1303,2022-03-04,335,0
1304,2023-04-19,117,0
1305,2022-02-12,291,0
1306,2023-06-07,772,0
1307,2023-10-26,298,0
1308,2023-10-17,134,0
1309,2024-03-03,741,0
1310,2022-01-14,945,0
1311,2024-09-27,847,0
1312,2021-12-06,759,0
1313,2023-04-10,927,0
1314,2022-08-12,839,0
1315,2023-07-03,134,0
1316,2024-03-17,379,0
1317,2023-06-01,747,0
1318,2022-05-09,254,0
1319,2022-12-15,538,0
1320,2024-06-29,730,0
1321,2024-01-02,947,0
1322,2023-09-09,290,0
1323,2024-06-30,930,0
1324,2024-02-04,356,0
1325,2022-03-27,702,0
1326,2022-11-26,709,0
1327,2022-12-31,288,0
1328,2023-07-14,523,0
1329,2022-10-03,870,0
1330,2024-05-07,832,0
1331,2021-10-26,374,0
1332,2023-04-13,528,0
1333,2024-06-19,74,0
1334,2023-10-03,737,0
1335,2023-06-24,924,0
1336,2024-05-28,162,0
1337,2023-09-21,29,0
1338,2023-11-06,910,0
1339,2022-09-18,61,0
1340,2023-06-18,114,0
1341,2022-01-21,307,0
1342,2021-11-14,671,0
1343,2023-02-02,775,0
1344,2021-11-24,474,0
1345,2024-10-04,613,0
1346,2024-07-08,454,0
1347,2022-04-18,700,0
1348,2024-03-08,691,0
1349,2024-02-27,55,0
